"85F92D5F-D0B2-42D5-847D-21E28EFE83C8";"% change"
"D9EAEA33-0AE4-4BD6-BEE7-65D607263A13";"How often have you travelled by public transport (i.e. train, bus, tram, ferry) in the last 7 days (1 week)?"
"D9F9093A-7A55-4DFB-BB6A-8EC017E3CFD7";"Misselijkheid of braken"
"DA1A792F-1FAD-4725-9CD6-16DE953D7353";"Ik merk dat ik mijzelf haast om dingen af te maken voordat ik in elkaar stort."
"DA1FEE88-034C-4C77-9E66-8B90388B2FA9";"Do these attacks bother you a lot or are you worried about having another attack?"
"DA42E0B3-0592-4D77-BDC9-E937677651DB";"Sinds het vorige bezoek en nu, welke mate van gewrichtspijn heeft de deelnemer maximaal ervaren?"
"DA43125C-E92F-420F-AAC8-90E4C452516B";"Niet meer weten of u het licht of het gas hebt uitgedaan, of de deur hebt afgesloten"
"DA48FAB9-7E3F-41D7-8C9B-B96054523109";"Hoeveel uur per week doet u betaald werk?"
"DA7690A5-850E-470C-9045-AC10E8BAA570";"Benauwdheid / kortademigheid"
"DA8D9E62-AF9B-4645-B759-625BF602A8FF";"How often have you been admitted to the hospital for inpatient care?"
"DA987FE5-86BF-4A67-9AD4-EDCD9114CA07";"U plotseling afvragen of u een woord op de juiste manier gebruikt"
"DA9B583C-6DF8-4185-9C39-5AC2A118AFD1";"Leverfalen"
"DAA075C3-E431-4358-82F5-43501371505A";"Tempusbuis"
"DAA089A4-C671-48D2-9564-C2014A1C6B43";"Sinds het begin van de spontane bloedingen, welke mate van spontane bloedingen heeft de deelnemer maximaal ervaren?"
"DAAAD804-27E4-4DD6-866A-785D9C064C98";"Zijn de symptomen bij deze persoon gestart voor of nadat u zelf symptomen van COVID-19 kreeg?"
"DAAADDD2-7142-4B34-BA1E-2C2C57F83369";"Namelijk:"
"DAAE8CB9-14E8-4BE7-A17F-9808C31C3EB5";"Have you felt so down in the dumps that nothing could cheer you up?"
"DABA2150-404E-4E2E-AE6D-A4E76A128F6A";"Heeft u de vierde vaccinatie ontvangen?"
"DABDADBB-5561-4761-8B4C-CE55CEAE02E1";"Hoeveel heparinebuizen zijn er succesvol afgenomen?"
"DAC7FF52-7C60-400D-BB57-B775E3C36C79";"Uitslag?"
"DAD47C66-6B01-4C2B-A0C5-434699B571EF";"Wat is de datum van vandaag?"
"DAE55E16-AF5F-4EBD-8596-DC4FAC1AA323";"Viercijferige postcode woonadres"
"DAEACE94-5AEF-44AD-BCAB-40A3C83F2FCE";"How much do you think your treatment can help you with the consequences of your COVID-19?"
"DAF9DE1B-D882-42FF-80BC-E5773D85283D";"Location=AMC/VUmc"
"DB158384-D79C-4D31-AEDE-B04A367AE76E";"Moving or speaking so slowly that other people might notice"
"DB18E7BC-3359-47D0-866B-2213AFE96475";"Heeft de deelnemer op dit moment reukverlies?"
"DB1FAAC2-C2B4-4226-A913-A529BA400868";"Is deze verandering een gevolg van nationale lock-down maatregelen die zijn getroffen in verband met COVID-19?"
"DB26030B-E945-4040-8FD3-3DB1CD34EB1B";"Has this person experienced COVID-19 symptoms?"
"DB31B766-ABCF-4CC5-98CD-9FBD0D2576BC";"Hoe gaat u om met gebeurtenissen?"
"DB4DEDA6-CDF9-400F-8A05-D7246F39CA07";"Tempusbuis"
"DB4E205E-4FDA-4BC4-8337-06E04D5C3BB3";"Wat was de reden van uw reis?"
"DB5344E7-9658-4BD3-86ED-59B8B1A626B5";"Rhabdomyolyse / myositis"
"DB60E20E-DFA3-4A34-BAE8-280C3B9C17A7";"Welk aspect van de situatie rondom het coronavirus is voor u momenteel het meest ingrijpend?"
"DB6FC40F-C971-458F-AA53-219C21D3990A";"Verlies van smaak"
"DB749B04-DAB9-4149-BA4B-145A4A3223E6";"Op welke datum is de buikpijn begonnen?"
"DB76F778-095E-4923-AABF-9C1111004327";"Verminderde eetlust"
"DB7B9E2A-DE05-40D3-85CF-4AFE559D5244";"Ischemische hartziekte"
"DB7D280C-E22D-4B16-9E01-3F7BD518F4BC";"Aantal dagen een piepende ademhaling gehad"
"DB83F5DA-B580-4391-B29F-8D0D7F7BDB25";"Feeling afraid as if something awful might happen"
"DB8C3633-A79B-4D19-863A-D560DDDD350B";"spontaneous bleeding at baseline, spontaneous bleeding at day 7, no spontaneous bleeding now"
"DB949FAD-3917-494A-8C1D-06BE9357F177";"Klik voor elk monster aan of het afgenomen is of niet"
"DBB21D9B-D050-4737-A17F-C839DCA18141";"Hoeveel glazen dronk u gemiddeld per week voordat u COVID-19 kreeg?"
"DBBFB276-3A8A-4B07-88D9-079375F4D7AE";"KCOc (TLCOc/VA)"
"DBC10987-8E69-44FA-8030-E82D293850E5";"Haaruitval"
"DBC7FBC3-AB04-4819-B2BC-7E678DE6B3FD";"Physically I feel I am in bad form"
"DBCC3370-87DE-4112-A0D8-7B37088F685D";"Heeft de deelnemer op dit moment hoofdpijn?"
"DBFEA8FD-BB70-4741-8EC1-9B0239F88C04";"Heeft de deelnemer op dit moment last van verwardheid of verminderd bewustzijn?"
"DC1ED707-431B-40E9-B7A8-3F2CFAC9BA1A";"Hoe bang bent u om nog een keer een coronavirus infectie te krijgen (her-infectie)?"
"DC2135F8-49AF-473E-9354-195625245000";"What is their gender?"
"DC3CA508-07B5-414E-9547-10C477BCD9F6";"Heeft de deelnemer last gekregen van flauwvallen na het vorige bezoek?"
"DC58B3F2-8ED6-43EC-A2D9-CC65C05FA9A8";"Anderhalve meter"
"DC5C5B8F-3E42-413B-8DFB-A70FB215761A";"Sinds het begin van de spontane bloedingen, welke mate van spontane bloedingen heeft de deelnemer maximaal ervaren?"
"DC605F03-0010-4A50-AE0B-F1ADEC9ECCB8";"Loss of taste  at day 7, still loss of taste now"
"DC60F84C-49E2-4B08-A0A6-89301F9B0035";"Aantal dagen hoestklachten gehad"
"DC6A71E2-7D30-4750-9FB5-5A667F6863BB";"Hoeveel afspraken had u in *de afgelopen 3 maanden* met een huisarts?"
"DC924F5F-BACE-4B38-A1D4-8FF9372E5676";"Anders"
"DC94CB91-FA64-4534-8296-91668D9E0AB9";"Hoe vaak op een dag heeft u dit gedaan? *Kijk op de verpakking*"
"DC96A0A2-F255-4363-8020-AE5A417731C5";"Somberheid, neerslachtigheid, het niet zien zitten"
"DC9AC931-1114-4721-A871-DBFC81CF688F";"Medicatie"
"DC9B5572-4BC1-4239-BC90-D6DDA708D678";"Serum (STOL)"
"DCA9E869-940F-407D-BAF1-0E61FAD4EB5C";"Op welke datum heeft de deelnemer voor het laatst huiduitslag ervaren?"
"DCCC0275-1377-4271-8978-A5BBEA1B81DB";"Fever at baseline, still fever now"
"DCD773B5-B342-4BFE-9B78-7D1C2E4B6FF9";"Spontane bloedingen"
"DCF1C35E-372E-488E-BEAF-B79AE6E63DB8";"Het kost me moeite ergens mijn aandacht bij te houden"
"DD03181D-0227-4014-8AC6-1D05F341DE74";"Beginnen met iets maar het niet afmaken, omdat u ongemerkt met iets anders bent begonnen"
"DD093A45-49C2-48E7-93B1-130FB75488B8";"VA"
"DD14DBD2-D37B-43F8-8EDA-710901FC028A";"Welk ziekenhuis?"
"DD1A1645-DD4C-47D2-AE68-9443DEFE75EB";"Does your working situation or because you take care of someone oblige you to come closer to someone than 1.5 meters on a regular basis?"
"DD26BB8F-DAFD-46B3-938B-817263B43EA0";"Wanneer heeft de deelnemer last van piepen tijdens de ademhaling?"
"DD292D7F-93E7-459E-9E06-BDCB7D2B293C";"Heeft de deelnemer last gekregen van flauwvallen na het vorige bezoek?"
"DD2E3393-1665-4C9A-988C-DC314C735759";"Is er een nieuwe ziekenhuisopname geweest sinds het vorige uitgebreide bezoek?"
"DD32F4EC-9B96-4C45-B219-EA62C6F8360F";"Persoon 3"
"DD370DB1-8409-4F48-9DB6-E8EE2677D02B";"Anders, namelijk:"
"DD422724-D724-4AAC-8D8A-620FD52DCCF3";"Kwantificeren van kortademigheid of benauwdheid"
"DD6722BA-4174-4B45-A3B6-EAB38E8E6F64";"Datum van longfunctie afname"
"DD8110D6-49A9-4E9E-B95E-3C9C320A7AE4";"Waren er in de afgelopen 4 weken waarop u wel gewerkt heeft, maar tijdens uw werk last had van lichamelijke of psychische problemen?"
"DD8A67C3-6AE2-4E1E-860D-7940D92C6DB6";"Heeft de deelnemer op dit moment last van buikpijn?"
"DD8ADC29-4E43-4593-BE9C-DD3083CADBC3";"Reden nieuwe ziekenhuisopname"
"DD8E6CFC-7A6B-40F3-99F2-6C8ECC51771A";"Aantal dagen koorts gehad"
"DDB1770C-19F1-4E18-8413-73715E4F29C7";"FEV1 % van voorspeld post-Ventolin"
"DDB94AFD-2701-471B-9E4F-C556D76C7A37";"U deed uw werk of andere bezigheden niet zo *zorgvuldig* als gewoonlijk"
"DDBC16AA-5159-49FD-A262-60B644A1FDBB";"Verlies van reuk"
"DDC2807E-710B-4BA4-B87B-FB265B2156F2";"Persoon is niet in staat aan de studieprocedures te voldoen, zoals beoordeeld door de onderzoeker"
"DDCDFD8F-FB9D-43B5-AB16-0FABA2425719";"Ontslagdatum van de nieuwe ziekenhuisopname sinds het vorige uitgebreide bezoek"
"DDCF097F-171E-481D-8128-A5EE37A1065C";"VCmax pre-Ventolin"
"DDE02312-AE6B-4AC4-AD57-0E2DBE79F178";"Sinds het begin van de pijn op de borst, welke mate van pijn heeft de deelnemer maximaal ervaren?"
"DDE55DA6-CE5B-4F6D-9FA4-519F5F0BCBB8";"Hoe vaak gedurende de *afgelopen 4 weken*:"
"DDEE43F9-3640-4CB2-960C-BB76F968FADB";"Aantal dagen reukverlies gehad"
"DE012785-72E3-4E32-8BFE-946E38F75B19";"To do sports inside (visit to a sportsclub or gym)"
"DE05394C-16F2-4A39-B318-699F9D4F5D38";"I am physically not very active"
"DE05D591-B506-457A-B20F-A22C0F38792C";"Een naast familielid of uw partner was ernstig ziek of ernstig gewond."
"DE08414B-266C-4AB8-B46E-9635DC8F5217";"Is de deelnemer tussen het vorige bezoek en nu minimaal 24 uur achter elkaar *koortsvrij* geweest, zonder dat daarbij koortsverlagende middelen gebruikt werden?"
"DE1ABCD8-AC0F-4F2B-912D-95E82687F080";"Op welke datum is de verminderde eetlust begonnen?"
"DE2613AA-633F-4005-AFE8-CDE4AA08105F";"Wij willen graag weten met welke dokters u in de afgelopen 3 maanden een afspraak had. Het gaat om afspraken voor uzelf. Ook andere zorgverleners tellen mee. Bijvoorbeeld de fysiotherapeut. Met contact bedoelen we spreekuren, bezoeken op afspraak, telefonische contacten en huisbezoek. *Telefonisch contact met de secretaresse of assistente om een afspraak te maken telt niet mee.*"
"DE2C3F8E-E86D-4C15-86A8-048B1E26A295";"Aantal dagen huiduitslag gehad"
"DE88F2EA-D60F-46BE-BB2E-D99E6093D4E6";"Is er andere respiratoire diagnostiek gedaan?"
"DE8EA0CB-EEB0-4FEF-BCE6-CB4795A25FB4";"How long do you think the consequences of your COVID-19 will continue?"
"DE8EFE4F-9F47-4B5A-A6D4-C5B5B826BA49";"Hoe vaak, in de afgelopen 2 weken, maakten uw lichamelijke of emotionele gezondheidsproblemen het moeilijk voor u om het volgende te doen?"
"DE951469-C385-4471-8E9B-9306BEEAF9BA";"Ik ben bang dat mijn klachten erger worden door lichamelijke inspanning."
"DEB42272-FAAF-48D0-8813-AE76AAB9E2A7";"Pijn op de injectieplaats"
"DEB65692-3BAA-42FB-BF66-755CFBDB48DF";"Aantal dagen"
"DEBD2A49-B388-4D07-87A7-5647A2897715";"Zich verdoofd gevoeld, of afstand gevoeld tot mensen, activiteiten of uw omgeving?"
"DEBE2A8D-7DB0-4279-985B-6789F17CD469";"Ik denk over iets leuks na in plaats van aan wat me overkomen is."
"DEDF48D2-5E35-4DA4-AEBA-DC4CA4C23484";"Weinig trek in eten of te veel eten"
"DEE08AFA-F8AE-4780-A787-82632B95F97F";"Hoeveel insulten heeft de deelnemer gehad sinds de start van de covid-klachten"
"DF06AA1D-D62E-4DFA-82DD-E9A183096190";"Hoesten"
"DF1010C1-0C18-44A3-A5A9-705100338027";"Aantal dagen weinig of geen eetlust gehad"
"DF290D3D-5A97-46B9-9BD2-56806E83A66C";"Has this ever happened before?"
"DF2CDF03-D7EA-4AA5-A6C5-C865A720CD90";"Welke mate van misselijkheid/braken heeft de deelnemer maximaal ervaren?"
"DF462AE4-C2B0-47A1-A648-3C5DE6EFA464";"Welke mate van misselijkheid/braken  heeft  de deelnemer maximaal ervaren?"
"DF5B70A8-205D-4463-8F3D-57D4069EFEE9";"Vermoeidheid / malaise"
"DF7ADC76-45E3-42CA-95CA-4FEC1F751C31";"Little or no appetite at baseline, no little or no appetite now"
"DF7F7F61-895B-4ABC-B0CC-B16818F524B2";"What is the highest level of education you have completed?"
"DF88A442-EA60-4DCD-AFF2-41C6994ED99E";"Op welke datum is de keelpijn begonnen?"
"DF9D451F-587F-4E92-BA62-87DCB75030FE";"Sinds het vorige bezoek en nu, welke mate van verwardheid of verminderd bewustzijn heeft de deelnemer maximaal ervaren?"
"DFA2F489-CBB0-44E1-AFFA-EB4E7ABDCA46";"Tempusbuis"
"DFB8B05F-5629-463C-937C-0743D710B9FE";"Heeft de deelnemer op dit moment last van misselijkheid of braken?"
"DFD86DFA-C120-42EE-9BFA-C5EE2FAAD44A";"FEV1 % van voorspeld post-Ventolin"
"DFE686D6-5B1B-409A-BA9A-A11817A30247";"Wat is het geslacht van deze persoon?"
"DFEF719A-7217-43CF-A6E9-3B8E2D71A4C0";"Verminderde eetlust"
"E00C6D0A-9FC4-43F9-8B9F-A388829CB810";"Endocarditis / myocarditis / pericarditis"
"E010705E-F7F9-447A-9C5E-E89FBD2A4E79";"Neusbrush"
"E026D0EE-5F36-4903-B3B6-BC4BC004013C";"Uw kind, broer, zus, ouder of partner overleed."
"E031BD4C-E829-4D39-B64B-586792C1D247";"Spirometrie test voorafgaand aan COVID-19 gedaan?"
"E037A6DE-EFD3-443D-A0EB-3A3C6EC15142";"Wat is de hoogst gemeten temperatuur?"
"E0429B6D-BCEF-4F07-84CC-DAB94E90AD72";"Sinds het begin van de huiduitslag, welke mate van huiduitslag heeft de deelnemer maximaal ervaren?"
"E050E95F-12A6-4FA9-89A4-E7C35C04CF0D";"Deze vragen gaan over hoe u zich voelt en hoe het met u ging in *de afgelopen 4 weken*. Wilt u a.u.b. bij elke vraag het antwoord geven dat het beste benadert hoe u zich voelde?"
"E05ADDBD-A637-4576-98B0-979E48EEF524";"Please indicate the extent to which you agree with each of the following statements."
"E06A14AB-91E3-4A4A-86C9-543105FB63B5";"In hoeverre bent u bezorgd over de gevolgen van uw ziekte door het coronavirus?"
"E073D7FE-2496-4915-9349-76C012465015";"De zin om dingen te ondernemen ontbreekt mij"
"E075B0A6-22FB-428D-BCC0-CAB7EDC0C770";"Heeft de deelnemer op dit moment diarree?"
"E07D792F-03C0-44B3-BE35-2A91880709BB";"Medicatie"
"E088469E-C3D6-4212-BD34-AC82C8B0F699";"Aantal dagen kortademigheid of benauwdheid gehad"
"E08B45C7-E8F0-4789-8A3C-BD0CAFD7B201";"PCR-test naso-pharyngeale swab: Ct-waarde"
"E098A106-780D-47E7-8A37-6F14F24132DE";"Passing out at day 7 or new or recurrent passing out"
"E09EEAF1-6242-493D-BC84-7871B77C5524";"Location=AMC/VUmc"
"E0A18AC6-4D90-4D74-A6E5-25AB170770D0";"Castor ID: GGDVIS"
"E0C4184B-5B3C-461B-8E40-73A7FD2F1C55";"How much control do you feel you have over the consequences of your  COVID-19?"
"E0DFC827-C64F-44F9-B774-67E62F73A49F";"Sinds het begin van de smaakverlies, welke mate van smaakverlies heeft de deelnemer maximaal ervaren?"
"E0E1B2F9-3C35-408F-B04D-E3F6EFF9DE6A";"Vink aan waarom u het huis uit bent gegaan in de afgelopen 7 dagen (1 week). U kunt meerdere antwoorden aanklikken."
"E1151879-576C-4CDE-B36D-F296058EDC05";"Vergeten waar u iets hebt neergelegd, zoals een boek of een krant"
"E115618A-B883-4329-BF28-E8C6A3277228";"Moeite met inslapen of doorslapen of teveel slapen"
"E1162868-DF17-46DB-A6C8-AAEB6F5827A1";"Wat is uw hoogst afgeronde opleiding?"
"E11D0114-890C-4A70-8D5B-2C9C408E803A";"U te veel zorgen maken om verschillende dingen"
"E12045E5-66DD-460C-BEBE-1DDA2764698F";"Stomach ache at baseline, still stomach ache now"
"E13B789E-AE01-476C-A43A-EC77594D39CD";"Welke bacterie is er gekweekt?"
"E142EDAE-8DDD-47E6-93ED-678A5339C55F";"Sinds het begin van de keelpijn, welke mate van keelpijn heeft de deelnemer maximaal ervaren?"
"E1446578-A7C1-46C0-9438-D1682F0A7962";"Being so fidgety or restless that you move around more than usual"
"E15320B9-8E4D-4482-B2C0-27C75698F802";"Heeft de deelnemer op dit moment last van een loopneus of een verstopte neus?"
"E17637FB-8904-48C3-A578-EF2E3D33CDF9";"Aantal dagen in buitenland"
"E17CEDD9-4DA3-4580-A788-B64DBFA81227";"Suddenly feeling or acting as if the stressful experience were actually happening again (as if you were actually back there reliving it)?"
"E196463A-DAF8-4476-AB7C-827ED0DDE819";"Diarrhea at baseline, no diarrhea now"
"E1975F5F-254D-4D8D-9A4B-7B3147E452E1";"Op welke datum is het piepen tijdens de ademhaling begonnen?"
"E19CAE4E-1883-4515-AD1E-EBCC36C94BEC";"Hoeveel heparinebuizen zijn er succesvol afgenomen?"
"E1A5BC55-7835-45D3-87EA-43CA664A1DA8";"Pijn op de injectieplaats"
"E1AEE65C-9488-4A85-B2F7-B72D245801A9";"Aantal dagen koorts gehad"
"E1C1096F-B294-4A8C-A762-2DFF4B760F09";"Welke mate van pijn heeft de deelnemer maximaal ervaren?"
"E1D2BB04-1359-4D1A-86E8-7E0367057CAD";"Diabetes met complicaties"
"E1E3278F-CBAA-4358-952D-0978A4FC09CA";"Buikpijn"
"E1EC6379-07E3-4379-B2D9-A57A4B4618C6";"Ear pain at baseline or new or recurrent ear pain"
"E1EF96F1-9CBF-499F-9597-3F85E7DEDABD";"Vermoeidheid"
"E1F5DC39-9E9F-4895-9DC0-5ACB5FB76FCD";"Op welke datum is de loopneus/verstopte neus begonnen?"
"E1FDE179-CE1D-4D29-8F04-27CCB1CEF200";"Welke mate van gewrichtspijn heeft de deelnemer maximaal ervaren?"
"E2019A3B-92B5-4C10-A1C6-B60EBCF52006";"Anders"
"E20780A2-8B84-4CBC-9CA1-44251A369A2D";"Nasal-pharyngeal swab"
"E21E8B5B-9C12-4782-85CA-DF9A1F4DD751";"Zo ja, werkte u in:"
"E223C599-2F61-4B5F-BDA6-4F7914C77F65";"Locatie van afname"
"E232E9AF-ED32-428B-A612-6BABD0F72233";"Had *difficulty* performing the work or other activities (for example, it took extra effort)"
"E23769C8-CB25-4919-8FD2-63AE9B4774B5";"Non-invasieve beademing sinds laatste uitgebreide studie bezoek?"
"E23B5FCD-4A7F-425E-947B-F7D6CDCD214A";"show the rest of the questions?"
"E23E059C-CFA3-4B47-839F-11C43B1A857E";"Op welke datum heeft de deelnemer voor het laatst last van een loopneus of een verstopte neus ervaren?"
"E2601C9F-385D-4132-ABDD-889B04E32960";"Met  welke van de volgende zorgverleners heeft u in de afgelopen 3 maanden contact gehad. *(Meerdere antwoorden mogelijk)*"
"E29801A7-CA0F-483C-BCA3-8D6B096D3847";"Is er een nieuwe ziekenhuisopname geweest sinds het vorige uitgebreide bezoek?"
"E2A18B68-A2AC-41D1-BCA1-95782788C49A";"Medicatie sinds laatste uitgebreide bezoek: antibiotica"
"E2AE7E83-36C4-4E32-BB08-97DD3F3FE829";"Sinds het begin van de de piepende ademhaling, welke mate van piepen heeft de deelnemer maximaal ervaren?"
"E2D423F4-1575-4070-99B8-FB033A90F93F";"Tempusbuis"
"E2E41893-E136-4291-B352-844649562EB1";"Aantal dagen een piepende ademhaling gehad"
"E2F1F8A5-C805-4DD0-A493-8F1A19893F0A";"Snel geïrriteerd of prikkelbaar zijn"
"E2F3E8AA-2DEC-4F5C-846C-6409DD3F25C9";"% of predicted"
"E2F83B45-4628-40E1-BBCD-C49F91E4B9C0";"% predicted"
"E2F8FA97-DB16-4E55-A58C-F10A96F66C62";"The following items are about activities you might do during a typical day. Does your *health now limit you* in these activities? If so, how much?"
"E310E4E4-1C96-4192-9102-BBBBDB6E07F0";"Op welke datum heeft de deelnemer voor het laatst hoestklachten ervaren?"
"E31A9EB9-4B4D-453F-B05D-34F18E03AB2C";"Sinds het begin van de loopneus/verstopte neus, welke mate van loopneus/verstopte neus heeft de deelnemer maximaal ervaren?"
"E321D894-0AA0-4796-B0A2-6021B35DC185";"Heeft de deelnemer op dit moment last van hoesten?"
"E32C6D47-A795-4DCA-827B-5ECF4CD6726C";"Heeft de deelnemer op dit moment verlies van smaak?"
"E3874EC1-0487-41F5-BE36-FCD666547F95";"Heeft de deelnemer last (gehad) van vermoeidheid of algehele malaise sinds de start van de covid-klachten?"
"E395EDBE-9538-42ED-8094-9F26E02906B8";"Sinds het begin van de verwardheid of verminderd bewustzijn, welke mate van verwardheid heeft de deelnemer maximaal ervaren?"
"E3C271C5-E111-46D5-AB6A-4218A8835978";"Heeft de deelnemer last (gehad) van verminderde eetlust sinds de start van de covid-klachten?"
"E3DFDBA3-3643-47C0-8A04-73AA45755BB7";"Speeksel (minimaal 3 mL)"
"E3E30FFB-9EBE-41CB-989B-080398BAD96A";"Location=AMC/VUmc"
"E3F4E193-F6F1-480F-8355-FF893E081678";"Is dit al eerder voorgevallen?"
"E4223DFD-A600-4F82-80AE-0A159C067DBC";"In the last 7 days (1 week), how many times do you think that people (outside your household members and  visitors) have been closer to you than 1.5 meters (about 2 arm lengths)?"
"E430C62D-3A48-473C-8353-27AC05A25FD5";"Heparinebuizen afgenomen?"
"E444900C-BB8C-4BA2-AC63-BF52470C866A";"Ik voel me fit"
"E444FB4C-C6B1-4BF8-A395-E50EBFF51B0F";"Nasal-pharyngeale swab"
"E459ED54-DA70-4BAE-8942-341F5874841E";"Avoiding memories, thoughts, or feelings related to the stressful experience?"
"E460ED95-0A0F-4A7A-A386-E9D166FCDDE5";"Have you in the month before you were diagnosed with COVID-19 been sleeping in a shelter, on the street or in another place not meant for human habitation such as a car or abandoned building (homelessness)?"
"E46319AF-5225-43CE-BDFF-334962DE8CFA";"Welke mate van diarree heeft de deelnemer maximaal ervaren?"
"E46DB0FC-2EA7-4366-BC87-78C53185E6D7";"FEV1 pre-Ventolin"
"E476CA42-5E98-4607-88EF-9763A8824173";"Heeft de deelnemer op dit moment last van kortademigheid of benauwdheid?"
"E4862E20-39D0-4BAB-B027-B017A3F6CFAC";"Do you at this moment experience at least one symptom of your COVID-19 infection?"
"E4AB6DEA-237D-4092-B65F-5F7113EBA484";"Anders:"
"E4BF4A60-9978-4CAB-9D87-F5069CA8A483";"Is er een restrictief beeld?"
"E4C309B3-6F1C-456C-B856-2CB6B4BC190C";"Sinds het begin van de reukverlies, welke mate van reukverlies heeft de deelnemer maximaal ervaren?"
"E4DBFA58-29E3-4DFC-B1AC-09C362235069";"Have you consulted any of the following in the past 3 months?. *(Tick all that apply)*"
"E50E1D90-446E-43BA-9343-D4707BF0D983";"Heeft de deelnemer op dit moment last van gewrichtspijn?"
"E51D9A06-ACAB-4B15-87E5-70A804F70C48";"Datum van overlijden"
"E551B1AF-7564-4CA0-9BE8-BD6053AD85AE";"Serum (STOL) afgenomen?"
"E687C7A4-7B15-4876-88B1-06B289215365";"Op welke datum heeft de deelnemer voor het laatst vermoeidheid of algehele malaise ervaren?"
"E6974215-6603-424C-8147-399DD1E27EAF";"Heeft u in deze periode nog een ander medicijn gebruikt?"
"E6DC25C6-A8D9-4739-B01E-F5DC3C624059";"Sinds het begin van de verwardheid of verminderd bewustzijn, welke mate van verwardheid heeft de deelnemer maximaal ervaren?"
"E6E17D8C-74E6-48AA-B72A-EABC17310AA4";"Naam medicatie?"
"E6EE0750-39F9-4D16-A3E5-FDFB4265F338";"Faeces bewaard in?"
"E6EEA76F-2BC4-4096-9540-49D3FC88C666";"Hoeveel uren per week werkt u op dit moment?"
"E6F21396-C85C-484C-A4BB-C2B695307CE4";"Heeft u een afspraak gepland om gevaccineerd te worden?"
"E7164BEA-9D00-4178-96D7-26EB16C37DF6";"Een loopneus of een verstopte neus"
"E7175ADD-D166-466E-B236-524C5449CDA1";"Op welke datum is de gewrichtspijn begonnen?"
"E7243FE3-02F9-4BC5-964B-14680B4A4F0A";"Anders"
"E72AE2DD-107D-4391-B239-ED543CA104B0";"The following 8 questions address your thoughts regarding your disease due to the coronavirus (COVID-19). Please place the slider at the number (between 0 and 10) that best corresponds to your views:"
"E72BD749-7D80-42F4-867A-02B74760FBCE";"Heeft de deelnemer last (gehad) van hoesten sinds de start van de covid-klachten?"
"E73CA1AF-DFD5-4B39-9624-FBD437BB746F";"Beoordeling van longfunctie"
"E7417E66-AD98-4AB7-AC69-0B362BB9456F";"Heeft de deelnemer last gekregen van misselijkheid of braken na het vorige bezoek?"
"E747A286-28B8-4522-AE9D-5FB40E1E9FD4";"Namelijk:"
"E74D63D6-10C0-4938-B4EE-569498C1ABD2";"Op welke datum is de loopneus of de verstopte neus begonnen?"
"E7688562-FCB7-4288-BFE1-3C0AB0C8C5AB";"Datum opslag faeces in -80 vriezer"
"E7856762-D31F-478E-85C1-9E698C41309C";"Geplande vaccinatiedatum, eerste prik"
"E7877C41-387A-4BA4-A8C4-DA27735BB6D5";"The severity of my symptoms must mean there is something serious going on in my body"
"E79804E3-56A1-45DF-9F75-FC96C852D959";"Pijnlijk of drukkend gevoel op de borst, of pijn die vastzit aan de ademhaling"
"E79F972B-D675-48F1-931A-B30C35C6E737";"Op welke datum heeft de deelnemer voor het laatst huiduitslag ervaren?"
"E7B658FA-7A64-4E5A-B94A-BECBAAA78276";"Eerste datum van de nieuwe ziekenhuisopname sinds het vorige uitgebreide bezoek"
"E7B9DD90-4752-4A42-91F9-505494F9AF91";"Leverfalen"
"E7BE30E7-57BC-422F-A484-E2EABFB2BA63";"Op welke datum is de verminderde eetlust begonnen?"
"E7CD606E-2186-4371-9FC8-69267182D754";"Iets er uitflappen en achteraf bedenken dat dat wel eens beledigend voor iemand zou kunnen zijn"
"E7DC3E28-F46A-4723-9846-231591B04DD9";"Hoevaak is de deelnemer flauwgevallen sinds het begin van het vorige bezoek?"
"E7DC5F2B-CD3C-4569-A7B7-296B33B778D1";"FVCmax LLN"
"E7F21779-6705-4738-9B7C-51730F33B914";"Namelijk:"
"E7F7DA8B-5B4B-4A71-BF4D-5695FE93D3E9";"Zuurstof saturatie (bij kamerlucht)?"
"E7FDA823-2492-4F17-B687-545190BC2E18";"A close relative had a serious illness or injury"
"E8113AB5-AB0D-4C13-8163-5034884ECF9F";"Heeft de deelnemer op dit moment last van verminderde eetlust?"
"E81DD45E-6025-49C1-BC40-9992AEA4AF7D";"Has this ever happened before?"
"E8244FCF-42BF-4C0F-84B2-A33EFD73D844";"Heeft de deelnemer last (gehad) van gewrichtspijn sinds de start van de covid-klachten?"
"E824A343-9F90-4BDB-8CC8-F1D67931F08F";"Heeft de deelnemer op dit moment last van smaakverlies?"
"E8356F9E-2F6A-49F5-AC8E-3E9BA55DB73F";"New or recurrent shortness of breath since last visit and no shortness of breath now"
"E83855BA-4F34-4EDE-BA94-289C10C29746";"Aantal dagen verminderde eetlust"
"E841C229-1C96-4C26-B4F3-7D335C7D4F0B";"Op welke datum is de keelpijn begonnen?"
"E845F84F-F521-4593-9C86-643914FBB600";"Is de deelnemer in 2019 gevaccineerd geweest tegen Influenza?"
"E86F8CE1-B6AA-47EF-9FEA-B16DCEA52FD2";"Cut down the *amount of time* you spent on work or other activities"
"E8856D22-4765-4E0E-9700-9BF30953B3A1";"Tijd van afname"
"E898BDD3-9247-46C5-9D01-7873A120CD1F";"Loss of appetite"
"E8A72645-DD1E-40BC-9FF1-1250BBF94B93";"Sinds het begin van de hoofdpijn, welke mate van hoofdpijn heeft de deelnemer maximaal ervaren?"
"E8B90C3A-6DDC-449A-A69B-E9CB8F192FB3";"Op welke datum heeft de deelnemer voor het laatst keelpijn ervaren?"
"E8C81E64-490F-4E2E-B24B-7F7CAF8B7BFA";"Aantal dagen spierpijn gehad"
"E8F00E60-1031-4939-8D15-3A01485FBA4F";"Er komt weinig uit mijn handen"
"E8F7F431-CB1B-43B6-84BD-DA7A8533972F";"Which types of doctors have you been to in hospital for the past 3 months?"
"E905C836-5703-46B1-AD4E-87E918F000E8";"Anders, namelijk:"
"E93B822F-BA5E-4DFB-989D-08E6AD318408";"Namelijk:"
"E9436E3C-40D8-4885-91CC-F7E01B44D44F";"Aantal dagen verwardheid of verminderd bewustzijn"
"E9473501-959B-453F-9ED6-E15CA0B8D3D8";"Heeft de deelnemer last gekregen van een loopneus of een verstopte neus na het vorige bezoek?"
"E959614A-5505-40D2-8B82-FC86CB11C1B1";"Datum opslag faeces in -80 vriezer"
"E959EB7B-AF1A-46B3-AEED-F3659492184C";"% of predicted"
"E964BC25-024C-4510-BDFD-84FF769FD943";"Nausea or vomiting at baseline or new or recurrent nausea or vomiting"
"E96ED963-924D-4141-B56C-B1D6DA7B6CFA";"temporarily on sick leave from"
"E970978F-5540-461D-B88A-DC038C4B7534";"Welke mate van kortademigheid of benauwdheid heeft de deelnemer maximaal ervaren in rust?"
"E97C0A29-D4BE-4F16-B741-B18D43551B13";"Sinds het begin van de spierpijn, welke mate van spierpijn heeft de deelnemer maximaal ervaren?"
"E980E91D-1CD2-40A6-99E2-5B79D2A66229";"% predicted"
"E98679F2-6C5D-4F8C-8DE7-6C64C83F4994";"Aantal dagen diarree gehad"
"E988293C-EF79-438F-9458-417EAC968B5F";"How many appointments did you have with a physiotherapist *in the past 3 months*? Or with a Caesar therapist, therapist Mensendieck or a manual therapist? *(Add up all appointments with these therapists.)*"
"E98D6CFC-739B-40FE-A88D-222E200E2374";"Hoeveel heparinebuizen zijn er succesvol afgenomen?"
"E9ACD2F2-C391-4B55-B67C-7C5484B7154C";"Spierpijn"
"E9BB4C29-189F-4A4B-A369-4C623B126A91";"Heeft de deelnemer last (gehad) van spierpijn sinds de start van de covid-klachten?"
"E9C6B3C7-D911-4F0B-A040-E4C49EA8898E";"Wat voor hulp van de thuiszorg heeft u gehad in *de afgelopen 3 maanden*? *(Meerdere antwoorden mogelijk)*"
"E9C6E421-13C8-48A1-9FD6-3B26E496A37E";"Klik voor elk monster aan of het afgenomen is of niet"
"E9E9EF94-11A5-49AC-80F3-06507A5624AC";"Heeft een post-vaccinatie bezoek 1,  1 week ná de eerste vaccinatie plaatsgevonden?"
"E9EF074C-A531-4034-918A-77C01247A9B4";"Hoeveel uren per week werkte u 12 maanden nadat u COVID-19 kreeg?"
"E9F6181F-6184-446F-870A-AED0E8EA3688";"Hartfalen"
"EA0A4831-62F6-4784-BB3C-7154979DFF34";"Feeling afraid as if something awful might happen"
"EA2BD566-1BE2-44DD-80EA-CAACF299824F";"Datum van lichamelijk onderzoek en sampling"
"EA3A5635-38E0-41C8-AF91-01E71B7890A5";"Spierpijn"
"EA42E168-A0B6-4507-B8F3-7DA80FC55E19";"PCR-test naso-pharyngeale swab: Ct-waarde"
"EA4CD046-AE45-4A87-B5AC-D539EF7ECAF8";"New or recurrent tiredness since last visit and no tiredness now"
"EA5201CD-06CF-4B75-A3DF-C1C8F9123187";"Wat was uw netto inkomen per maand voordat u COVID-19 kreeg?"
"EA5721A5-0495-4638-AF0F-DC7B40982DB6";"Serum (STOL)"
"EA69D21C-FF89-4715-9772-88D3ACDE8AB4";"Are you currently fully on sick leave because of your coronavirus infection?"
"EA70A03A-9D15-45F7-8803-9F7A9BA226B2";"cough at day 7, still cough now"
"EA721171-33D1-4903-B620-2AFA61852374";"Huiduitslag"
"EA763115-323E-4DBD-BED3-9D4D40CD299D";"Oorzaak van overlijden"
"EA7F7B93-1A18-4B47-BA09-6B0A319AD2D3";"Persoon 2"
"EA831B1A-570B-406A-8BC7-F351936F52D1";"Medicatie"
"EA8B460C-E08C-4A3E-AC18-D60C9DB1DFBD";"Welke mate van vermoeidheid of algehele malaise heeft de deelnemer maximaal ervaren?"
"EA94171A-16A1-4F62-B35D-62D1E0651601";"Vermoeidheid"
"EAA1700F-A02E-465A-B59E-95AC1AF3FEEC";"Rillingen"
"EABC93FF-AE4E-4015-82DB-71A91E976848";"Nasal-pharyngeale swab"
"EAC3D368-AD42-40D1-844B-2DD81B15299B";"Op welke datum is de verwardheid of verminderd bewustzijn begonnen?"
"EACE78D8-B8D6-4EEB-9FA1-02664FBB3E54";"Heeft de deelnemer last (gehad) van piepen bij de ademhaling sinds de start van de covid-klachten?"
"EADEA2F5-91C9-46DF-9A59-B5FF9201DDBC";"Aantal dagen spierpijn gehad"
"EAE0D88D-15DD-4ABF-B389-CA3617C0EA58";"Koorts"
"EAF1DA95-ABF2-4E92-84F7-D4C8BF63F097";"Op welke datum heeft de deelnemer voor het laatst keelpijn ervaren?"
"EB125423-CC21-4E8C-A965-90B17550209A";"Datum van beoordeling"
"EB16B634-02B4-46D3-826B-673C25CBEBE0";"Op welke datum heeft de deelnemer voor het laatst gewrichtspijn ervaren?"
"EB1A46AE-E195-4BB4-9FEE-2845743C49EA";"Sinds het begin van de reukverlies, welke mate van reukverlies heeft de deelnemer maximaal ervaren?"
"EB3D0DD7-DC39-48CB-8E8A-3A96DE662547";"Spontaneous bleeding at day 7, still spontaneous bleeding now"
"EB499923-4678-4CB3-A4AE-7CCCD0E57F8E";"Symptoms are a signal that I am damaging myself"
"EB4C063E-16D7-42CC-B8BB-FC11E0D5F113";"Tempusbuis"
"EB526BC7-3F11-4651-98AA-EEF7B7140B0F";"Op welke datum is de verminderde eetlust begonnen?"
"EB8C84E2-E1E2-4AAE-9F98-65D9C6A4FB2C";"Heeft de deelnemer opnieuw last van reukverlies gekregen na het vorige bezoek?"
"EB90070D-58B2-435A-BA94-53D9B6CCA589";"Als het op dingen doen aankomt ben ik iemand van “alles of niets”."
"EB91A75E-1553-4F8A-A709-E3710255F89D";"Has this person died because of COVID-19?"
"EBB2D95E-D130-491E-A0C7-B08332ED2C8E";"Aantal dagen"
"EBB5BEC7-C565-4D92-9CCE-BE1FC180D0C8";"Naam medicatie?"
"EBBDBAC3-BACB-469E-840A-008BA9EFC9E2";"Aantal dagen buikpijn gehad"
"EBC158DF-EBD8-4FA8-BEF9-184901CF0D99";"Heeft de deelnemer de temperatuur gemeten?"
"EBD88207-1579-4018-9143-C7FF15590391";"Faeces bewaard in?"
"EBE74714-B59C-4CE9-AA7E-11A084EDAB23";"Nauwkeurig werken"
"EBF4AF48-787E-4051-AA4E-A842A09C8132";"Namelijk:"
"EBF7D2C2-1A52-4C7C-88CB-6FB48B02DBFA";"In hoeverre meent u de gevolgen van uw ziekte door het coronavirus te kunnen beheersen?"
"EC044074-7BB9-4C32-8E83-A665680A2807";"Op welke datum heeft de deelnemer voor het laatst spierpijn ervaren?"
"EC06AED3-9D15-488B-93BD-0BBDF09B18A0";"Op welke datum heeft de deelnemer voor het laatst een loopneus/verstopte neus ervaren?"
"EC33941A-DFE5-4230-8A52-D6762B333FC4";"Hypertensie"
"EC427DC9-1472-45B0-9460-B53BD5B9DC38";"Wat is het geslacht van deze persoon?"
"EC49524C-2E34-43DC-A536-B1EEB43BDE08";"Op welke datum heeft de deelnemer voor het laatst pijn op de borst ervaren?"
"EC5DACDD-423C-46F4-BAC5-5C7B696DF4C3";"Heeft de deelnemer last (gehad) van hoesten sinds de start van de covid-klachten?"
"EC7584FB-3CE0-4708-8BED-04AA248DA407";"FEV1 % van voorspeld post-Ventolin"
"EC7E0C50-B7ED-47A9-A361-605E777E48D9";"Bacteriele pneumonie"
"EC8A4877-8F37-4359-ABE0-C66A9BDB7A89";"Hartfalen"
"EC9FA73F-B1C5-4768-888A-F88E62894FB8";"In the past month, how much were you bothered by:"
"ECA77386-CDEE-452D-9D62-132F80A84209";"Verminderde eetlust"
"ECACDCBC-8683-4E67-A445-1AEA6BCDD8AC";"Currently employed"
"ECB8FECC-C3B5-4084-A2D1-FB445AE28678";"No recurrent sore throat at day7 or no ongoing sore throat at day7"
"ECBC2320-1B92-4419-8A78-35F1A1E5194D";"Aantal dagen gewrichtspijn gehad"
"ECD61ABA-2D7E-42CA-9E36-226FDEE86CCE";"Heeft de deelnemer last gekregen van hoofdpijn na het vorige bezoek?"
"ECE53821-BB13-4F39-AC05-6F2B70D81981";"Is er sinds het vorige uitgebreide bezoek medicatie voorgeschreven als onderdeel van een studie?"
"ECFC7E0D-0FDC-4E88-B8BA-761C378087BE";"Aantal dagen reukverlies gehad"
"ED0253FE-7C0F-437A-9539-F189682152EB";"Bacterie 1"
"ED067529-F1D1-4557-97C1-858ACF7C8647";"Op welke datum heeft de deelnemer voor het laatst een loopneus/verstopte neus ervaren?"
"ED0DCC78-FDB9-413F-8812-60217AD839CF";"RSV"
"ED28589D-C9E7-4773-8C15-B44CB9190473";"Datum van bezoek en afname samples"
"ED3CE90B-E98B-4A70-8B27-56DABC843FEC";"Op welke datum zijn de hoestklachten begonnen?"
"ED4AF768-A0B7-410E-A0E7-B61C7DDDD71F";"Hoofdpijn"
"ED652503-0125-49A1-9A54-5757E0C9EBC9";"Faeces bewaard in?"
"ED6F079E-0A1D-4551-B074-5692C602B86A";"Welke mate van hoesten ervaart de deelnemer?"
"ED84A8E4-197B-4B4C-BD3D-476FB863FA98";"Namelijk:"
"ED91D75F-C714-49D8-912C-F5C73FB6E83B";"Hoe lang bent u in het revalidatiecentrum geweest? Tel alle dagen bij elkaar op."
"ED998DA1-5CC0-479C-88E9-BA9971E3D2EF";"Speeksel (minimaal 3 mL)"
"ED9A00B1-1538-4ADB-8710-06177FFB7E42";"Do you fail to listen to people’s names when you are meeting them?"
"EDA3F613-9FEA-49EF-93FC-CEA441B50AC1";"Stomach ache at day 7 or new or recurrent stomach ache"
"EDA4E285-5C49-48BD-A0F6-3802F6337AC5";"Welke mate van vermoeidheid of algehele malaise heeft de deelnemer maximaal ervaren?"
"EDC008AB-F8FE-41AF-B4B7-14F93E0FA7A3";"New or recurrent wheezing  since last visit and no wheezing now"
"EDC034AE-54D4-45B0-9411-3BD35D0CE7DD";"Serum (STOL)"
"EDC185E7-451A-458C-8D49-DEDAF30F1A12";"Compared to *one year ago*, how would you rate your health in general *now*?"
"EDC9C355-662D-45D6-A4F1-DC3A4B1B8BE3";"Is deze persoon overleden aan de gevolgen van COVID-19?"
"EDC9FAF8-484A-4012-8FBA-CF81D81E1DB0";"Sinds het begin van de hoestklachten, welke mate van hoestklachten heeft de deelnemer maximaal ervaren?"
"EDE7A307-B3F3-4436-BAB6-42803B41D3E0";"Medicatie sinds laatste uitgebreide bezoek: antibiotica"
"EDEC75DF-17DA-47F7-9D9F-9490840E4956";"Insult"
"EDECBB9A-45E0-4E88-BB29-02DC7699CDDC";"Having strong negative feelings such as fear, horror, anger, guilt, or shame?"
"EE01E1F9-5CBA-4045-811F-B13BCA8873E3";"Wat was uw werksituatie voordat u COVID-19 kreeg?"
"EE04F0AC-3D0D-4CCD-9F33-67ED9C01DBB9";"Bij welk(e) ziekenhuis(en) heeft de deelnemer  de post-COVID polikliniek bezocht?"
"EE0CF6B9-A0C0-4D78-8A4C-6E88484B7BAF";"Sinds het begin van de keelpijn, welke mate van keelpijn heeft de deelnemer maximaal ervaren?"
"EE1F8987-51E8-4D3B-AD77-69D778AA6475";"Om boodschappen te doen"
"EE2696EF-075F-41FE-A16F-9544B3AEE94E";"Wat voor doorbloedingsstoornissen?"
"EE3EE3FA-6532-4F11-8B11-344278EF89C2";"TIA / CVA"
"EE564B37-C226-420A-AF0B-A1FDE5268A77";"Heeft de deelnemer opnieuw last van spontane bloedingen gekregen na het vorige bezoek?"
"EE59412F-0E47-4475-90B3-BB99676731BB";"FEV1 LLN"
"EE618617-9D78-4B98-A01F-5F668086FEC8";"Uitslag?"
"EE683470-2D38-47A4-AC54-3B2ECAA24E74";"No diarrhea at baseline, diarrhea at day 7, no diarrhea now"
"EE9A908C-1AE1-4A4D-B503-AD7DD1EB0E2D";"Fever at baseline, fever at day 7, no fever now"
"EEA95929-17C2-48CD-A755-87A4A6754EE2";"Medicatie sinds laatste uitgebeide bezoek: corticosteroiden"
"EEAD1979-F39C-4071-B03B-678DBA9EBB30";"Anders, namelijk:"
"EEB27AC3-7206-409E-A445-96A154C49B44";"Op welke datum heeft de deelnemer voor het laatst het flauwvallen ervaren?"
"EEBBB724-219A-4C1F-A5D5-671AB6581378";"Om een frisse neus te halen of buiten te sporten"
"EED81BA0-EB5E-4A7A-942C-5BBC5953A06F";"Spierpijn"
"EED934F3-6DFD-4CF1-BDF5-E22816E2A4C6";"Hoeveel afspraken had u in *de afgelopen 3 maanden* met een bedrijfsarts?"
"EF110665-E38C-452A-8FBF-69E0834FEB10";"Location=AMC/VUmc"
"EF223D86-E19B-4190-A947-D112C4A5BA6A";"Was u langer dan de gehele periode van 4 weken afwezig van uw werk doordat u ziek was? (*Het gaat om een aaneengesloten periode van werkverzuim.*)"
"EF2DA7D8-0F86-4782-89DD-2B1756E8E75D";"Rash at baseline or new or recurrent rash"
"EF389860-3397-43F4-A65C-199C7923EA0D";"Welke mate van pijn heeft de deelnemer maximaal ervaren?"
"EF561D35-744F-49DB-A96E-20AD8EB01211";"Heeft de deelnemer op dit moment last van spierpijn?"
"EF5D5BFD-80B4-41F1-8A61-20B11CA67134";"Datum ontslag eerste IC-opname"
"EF6E9396-61F7-46F8-86AD-80CC3D228FBB";"New or recurrent passing out"
"EF72A181-AD26-45AF-B298-F28A330C312D";"Namelijk:"
"EF72F849-C11B-4CC1-A23B-07E7AD1CD7C1";"Op welke datum heeft de deelnemer voor het laatst last van diarree ervaren?"
"EF8EDD53-A270-4D04-91DC-CA903DF25D49";"Kortademigheid"
"EF937443-5001-4013-863D-6D34BE69C041";"Overlijden COVID-19 gerelateerd?"
"EF9E1AFC-C21A-478E-8DAD-9A64C4005CCD";"Skin rash"
"EFB75D25-65BC-42B3-9EDD-C8BFBD5DFEEA";"Gewrichtspijn"
"EFBD02CE-D790-49EA-BB92-41379424EF1F";"Hb"
"EFC16497-BF8D-481C-8494-05CF405210BA";"Beweegt of spreekt u zo traag dat het anderen zou kunnen opvallen?"
"EFC6B50B-EE3A-415C-A60E-C334C6310576";"To visit a place of recreation (e.g. beach, campsite or nature reserve)"
"EFDD239A-E397-4249-8290-7262BEEF58C7";"Hoeveel werkdagen bent in u afwezig geweest van uw werk omdat u ziek was?"
"EFDE87DA-A14A-43DC-ABFA-8EFD32CFAA72";"Serum (STOL) afgenomen?"
"EFE0DB3B-A635-49A5-AACF-72A613055860";"rhinorrhoea at day 7, still rhinorrhoea now"
"EFEE33FB-1DC5-4E85-AE97-0FCDF3E31846";"New or recurrent ear pain since last visit and no ear pain now"
"F03BD640-7C4C-4604-A346-3DF2C1E62C89";"Zuurstofsaturatie (bij zuurstof toediening)?"
"F03CBE78-BB86-48A8-810B-545CBFEA528B";"Welke mate van spierpijn  heeft  de deelnemer maximaal ervaren?"
"F041BA54-16C9-4E24-B90A-52966BE5ABEB";"Hoeveel insulten heeft de deelnemer gehad sinds de start van de covid-klachten"
"F05BA15A-9713-4802-84EE-9411C6550DEF";"How long have you been in the mental health institution? *Have you been anywhere more than 1 time in the past 3 months? Then add all the days together.*"
"F0772474-38A0-4647-8EC5-12E23EB6A6CF";"Heeft u momenteel betaald werk?"
"F07AE67A-24CD-4C40-B581-57E7F53540CB";"Op welke datum heeft de deelnemer voor het laatst pijn op de borst ervaren?"
"F09FF526-CD25-46EC-A468-07BD43DDAF41";"Namelijk"
"F0A41FD8-9E58-4F8B-B8E4-60EA22D4E5D7";"% of predicted"
"F0ACB02A-4C8B-482F-8204-188CB3061AFE";"Please indicate how much you agree or disagree with the following statements about your current symptoms by ticking the appropriate box."
"F0B32279-6D32-4E47-9738-AB5639A188FB";"Endocarditis / myocarditis / pericarditis"
"F0BA4B63-5B4D-495B-9805-0FE78DC717B5";"Ik denk aan leukere dingen dan wat ik heb meegemaakt."
"F0BA5766-FD6D-45A8-962F-09D9799C4CA3";"% of predicted"
"F0C35C9F-5090-4B35-9723-6A4159C5D625";"Acuut respiratoir stress syndroom (ARDS)"
"F0C48EF2-4421-421A-BE54-0ED6C573FC99";"Welke mate van rillingen heeft de deelnemer maximaal ervaren?"
"F0D24E4A-FEBD-48CB-BF16-86E8520174F0";"PCR-test naso-pharyngeale swab: Ct-waarde"
"F0D7A382-0619-4F1B-A38C-F52A2CD4ADDF";"Gewrichtspijn"
"F0EBF07E-6BD7-4D94-8D9B-4B6668F667E5";"Medicatie"
"F0FD8CDE-5EBC-4419-85CB-CEAC3FBD8303";"Keelswab"
"F11CA016-0052-4ED0-929F-BF41461BEF58";"Rookte u voordat u COVID-19 kreeg?"
"F125BDBB-EA6D-4D59-8015-6EAC08890EE1";"Heeft de deelnemer last (gehad) van buikpijn sinds de start van de covid-klachten?"
"F1468F46-E21A-4D7D-B764-5CB4E3A7247E";"Datum van overlijden"
"F15036B2-F398-4E43-BE37-90DD1B730792";"Chest pain at baseline, chest pain at day 7, no chest pain now"
"F156F3C2-99C1-46B9-B916-0236E03C3415";"Verminderde eetlust"
"F1614D18-38C2-4518-B7EF-1AAC688660C5";"Please indicate how often you respond in the following ways by ticking the appropriate box.  Choose the most accurate answer for *YOU*, not what you think ""most people"" would say or do."
"F163EB6E-DBDA-4369-BEA0-CD5A7103C2E5";"Heeft de deelnemer op dit moment last van huiduitslag?"
"F19F7BAB-9FEE-4C22-9F67-CCE571ADB4C3";"Heeft de deelnemer op dit moment last van hoofdpijn?"
"F1BC4E17-6070-4EAE-A52E-6B230FBD7108";"Zijn de symptomen bij deze persoon gestart voor of nadat u zelf symptomen van COVID-19 kreeg?"
"F1BD59EA-EA8D-4CA2-A7FC-9733446D0D1F";"Hier vragen wij u een aantal vragen over uw perceptie van 'long COVID'. Long COVID is het hebben van aanhoudende COVID-19 klachten langer dan 3 maanden na infectie, mits de klachten ten minste 2 maanden aanwezig zijn geweest en ze geen andere duidelijke oorzaak hebben."
"F1CCB411-1F48-4254-AF1A-BB297C251DC2";"I find myself rushing to get things done before I crash"
"F1D4ACD6-2334-43AC-BE7D-B6BDDFBB6B21";"Faeces bewaard in?"
"F1E63273-D5AB-48E5-8408-4303F569E4E4";"Op welke datum is de deelnemer voor het laatst flauw gevallen?"
"F1EC3790-3A93-4BE8-9206-244ADA68B81E";"Do you find you can’t think of anything to say?"
"F1EEEE75-69A5-4473-8040-BE7B46DFB05B";"Koorts"
"F1F62058-E2BE-42BD-AE8D-4F95D4A9F92B";"Sinds het begin van de gewrichtspijn welke mate van pijn heeft de deelnemer maximaal ervaren?"
"F1FDFEB4-A8BE-4673-9733-F251A6A90B4F";"Heeft de deelnemer opnieuw last van oorpijn gekregen na het vorige bezoek?"
"F20055E7-9988-480B-A311-F7EF901FC218";"Behandeling van septische shock"
"F2032E67-8D70-4AF3-A6BC-B322DC696826";"I should avoid exercise when I have symptoms"
"F216E2DD-5D43-44DE-81B1-683172B97FA3";"Sinds het vorige bezoek en nu, welke mate van oorpijn heeft de deelnemer maximaal ervaren?"
"F21EC217-2639-4558-B039-6EB7256ED1FF";"How much did you take at each time? *Look at the packaging*"
"F2247302-015E-43AB-B0FD-228596A03AB2";"We willen graag weten hoe u op dit moment omgaat met uw klachten. Hieronder worden een aantal verschillende manieren van omgaan met klachten genoemd."
"F248DABF-1D8B-4EE4-AC9E-B4FFCBF23A9A";"Voelde u zich levenslustig?"
"F24BBB50-3913-4B0D-9928-609666AE2662";"Klik voor elk monster aan of het afgenomen is of niet"
"F2592124-DF97-479A-B8F4-4254052889D0";"Afnamedatum?"
"F2613A24-6092-49EE-878A-F735A71343C0";"Today’s date?"
"F2634308-3E0B-4720-9B74-4BD1ADA91A33";"Heeft de deelnemer als *gevolg* van COVID-19 contact gehad met een hulpverlener?"
"F2765180-60DD-4CDB-90E2-592B35C5578F";"FVCmax pre-Ventolin"
"F28001FE-FF01-43FD-947A-567B9F9B8DC1";"Vul de FiO2 waarde in met twee cijfers achter de komma"
"F2891270-0F20-4FF5-820F-29F5FD39AD17";"Zuurstof saturatie (bij kamerlucht)?"
"F2A782C9-A457-4263-B00A-DA8582A6F486";"FEV1 LLN"
"F2A9C063-801B-4873-854C-6A95324B014C";"Naam van de medicatie"
"F2C037A3-5B5C-4A92-BDDB-6D8733C7E7A9";"Welke mate van vermoeidheid of algehele malaise heeft de deelnemer maximaal ervaren?"
"F2C15363-8A54-4F39-910B-6BB3B5FCFC82";"Weinig zin of plezier om iets te doen"
"F2CA5354-469E-4CBA-B4E2-281171F8C946";"Oorpijn"
"F2CCC321-7EE5-428F-8B00-66B20EA91F8F";"Hartstilstand"
"F2DCA09E-AEA2-4AE1-9D19-C18302C5D77D";"Do you find you forget what you came to the shops to buy?"
"F2E2F543-6E23-402B-96AB-F0C1ACE50657";"Hoe beoordeelt u *nu* uw gezondheid over het algemeen, *vergeleken met een jaar geleden?*"
"F2F1A5A9-E449-4F35-A1CC-62B0147969FF";"Nieuwe hartritmestoornis"
"F32CD06B-078A-4C0A-A2EA-AC8E3CA3B3FB";"Op welke datum is de gewrichtspijn begonnen?"
"F3364FD9-6A20-4517-8516-1FE96A5AA224";"Vermoeidheid"
"F33D15D3-1BAE-48D3-AB39-FC655FAF141B";"Sinds het begin van de hoestklachten, welke mate van hoestklachten heeft de deelnemer maximaal ervaren?"
"F358F04A-DBFE-43A0-9826-F33C52EA12A1";"Bij welk(e) ziekenhuis(en) heeft de deelnemer de post-COVID polikliniek bezocht?"
"F36FF90A-B213-4BD1-BA30-480CAD4F8B55";"Anders:"
"F370759D-CD95-483A-BCD3-07A513B27FBD";"Heeft de deelnemer last (gehad) van reukverlies sinds de start van de covid-klachten?"
"F386DFB0-4B36-4703-AC2F-8B7AEE33E5AA";"You had a major financial crisis"
"F38741D6-DC5E-40B3-A9AA-60D9F98832BA";"Naam van de studie"
"F389D6CD-3529-4E5D-8798-6E69992590F0";"De schuld geven aan uzelf of aan anderen voor de stressvolle gebeurtenis of de gevolgen daarvan?"
"F38B3610-C3D0-490C-99D3-AC48B8384F1B";"Gastro-intestinale bloeding"
"F38E7F4E-D0A4-41AA-95CA-B0B5E68E53AB";"Aantal dagen piepende ademhaling gehad"
"F39E833E-77EF-4428-AFF1-11101B75C1AC";"Op welke datum heeft de deelnemer voor het laatst huiduitslag ervaren?"
"F39FA91A-ED82-4B3E-9118-99C1796126A8";"Welke mate van kortademigheid of benauwdheid ervaart u in rust (bijvoorbeeld na een tijdje op de bank zitten) in de periode tussen 12 en 6 maanden geleden?"
"F3A1E2F4-59D1-4E2A-8CE2-BA5B05E7FE8C";"Pneumothorax"
"F3B5717C-5347-4C58-BD4A-807E624729CD";"Heeft een post-griepvaccinatie bezoek,  1 maand ná de griepvaccinatie plaatsgevonden?"
"F3B95B02-3ADB-4CBA-ACC2-3A24CCC063F0";"VA-SB LLN"
"F3BA0AE7-A8A8-4022-B4FE-D3DD304D003F";"Hoe vaak moest u in de afgelopen 3 maanden naar het woon-/zorgcentrum ?"
"F3D432BA-5B78-41F5-B348-248BE5740032";"Bacteriele pneumonie"
"F3D65931-EDE1-4E41-8001-5956444D08E3";"Is het VIS biobank toestemmingsformulier getekend?"
"F3D6649B-EB33-4CF0-A34B-D510D36FAD90";"Namelijk:"
"F3E8311A-871C-426E-B289-FDA16A3AE227";"Sinds het begin van de keelpijn, welke mate van keelpijn heeft de deelnemer maximaal ervaren?"
"F3E8E303-9751-4B6A-A695-2AAEB0593756";"No loss of taste at baseline, loss of taste at day 7, no loss of taste now"
"F3F8FB82-4C51-4518-9A5B-84DE5FC0A3EF";"Specify the 3rd type"
"F409702B-FCA3-4E96-A308-466CE7527034";"Datum eerste nieuwe IC-opname sinds het vorige uitgebreide bezoek?"
"F4363DA6-77DE-4A37-AD55-D3EC4752A740";"Aantal dagen keelpijn gehad"
"F4451DDE-847E-4FC1-A4C4-1EC24A7E8F3E";"Loss of smell"
"F455B196-9568-465F-B42F-F92CEB6DA008";"Hebben er zich *nieuwe* complicaties ten gevolge van COVID-19 voorgedaan sinds het vorige uitgebreide studiebezoek?"
"F45FAC65-F410-4A5F-8592-FB5031B752D3";"Hoe somber voelt de deelnemer zich op dit moment op een schaal van 0 tot 10?"
"F463B45F-7ACC-437C-8953-CBBD76F3189D";"Locatie van afname"
"F484E9A4-3DDE-4F54-ABDE-C6A6718A26B1";"When I experience symptoms, my body is telling me that there is something seriously wrong."
"F4AC10D6-2A60-4E7D-82FD-7F8D7BD66F87";"Milde leverziekte"
"F4B1E081-7054-440A-83A8-A60DE9D1D677";"Heeft de deelnemer last gekregen van diarree na het vorige bezoek?"
"F4B3311A-766D-4F0D-90EF-5FBD1C11D62F";"Wat is uw burgerlijke staat?"
"F4BF9028-8B1D-4D05-BD8D-470E99CF3A54";"Op welke datum is het kortademigheid of benauwdheid begonnen?"
"F4C380DA-C279-45A8-BEBA-4708A91311C7";"Keelswab"
"F4CE2AD4-C40C-4589-BD85-6863CCE794BD";"Datum van longfunctie afname"
"F4CFA269-4D54-4229-8A65-22BBF8900F66";"Other:"
"F4FF2162-CC44-4E3A-AF39-B2DEC03E21C4";"I am afraid I will have more symptoms if I am not careful"
"F5146436-EE65-453B-BDA2-9116E4CA3D60";"Aantal bezoekers"
"F525D188-6245-4A67-BD70-48966483EB0B";"Heeft de deelnemer als *gevolg* van COVID-19 contact gehad met een hulpverlener sinds het vorige uitgebreide bezoek?"
"F5363B0F-9E9C-433D-BCF8-28034B240CAE";"Sinds het begin van de buikpijn, welke mate van buikpijn heeft de deelnemer maximaal ervaren?"
"F537C70A-676B-42AA-AA28-881C37AD6A7A";"Sterke, negatieve overtuigingen hebben met betrekking tot uzelf, anderen of de wereld (bijvoorbeeld gedachten hebben zoals: ik ben slecht, er is iets vreselijk mis met mij, niemand is te vertrouwen, de wereld is door en door gevaarlijk)?"
"F539F8C2-C1E8-4AD9-AF3D-E3CB7915450A";"Chronische neurologische ziekte"
"F551529A-24E7-45BB-86BE-A98A6BC43DB1";"Sinds het begin van de diarree, welke mate van diarre heeft de deelnemer maximaal ervaren?"
"F5566C4D-71D7-4D19-808D-4B29481CCBC9";"show the rest of the questions?"
"F56143FB-DF5B-421B-8432-DA799A9F9D80";"Medicatie"
"F56BDCD1-C569-4004-8C0D-46288D379E37";"Aantal dagen invasieve beademing"
"F59D4B52-F719-4386-A48E-2BA1B5230E80";"VCmax % van voorspeld post-Ventolin"
"F5A545B3-AE09-48FA-A53F-DC19AAC28250";"De volgende vraag gaat over hoeveel bezoekers u heeft ontvangen."
"F5A80F53-5A80-4890-96B1-E91E8377D587";"Wanneer bent u vertrokken?"
"F5C80E25-6D5F-4CD6-9109-F6EC737B5407";"VIN-SB LLN"
"F602083E-43ED-4CC7-99C5-ADA6B9193B5B";"Heparinebuizen afgenomen?"
"F63B4D52-DFCC-4EFA-A616-2E5659EEE626";"Vink aan waarom u het huis uit bent gegaan in de afgelopen 7 dagen (1 week). U kunt meerdere antwoorden aanklikken."
"F63C6824-DA9A-48D7-A0B0-E607DB0DED43";"Regelmatig terugkerende, onaangename en ongewenste herinneringen aan de stressvolle gebeurtenis?"
"F63C717C-17A2-4E16-ACC7-3197ABB01D5A";"Datum eerste positieve test"
"F65096B7-7855-470C-A01A-F2C3A8EA4744";"Welke mate van spierpijn  heeft  de deelnemer maximaal ervaren?"
"F665B990-93CE-40A1-89F3-77A298F4C144";"Heeft de deelnemer last (gehad) van een insult sinds de start van de covid-klachten?"
"F676304D-454A-479C-A561-2EDD7905117E";"Op hoeveel dagen in de week werkt u?"
"F6782232-AC07-40EE-B121-077EAEF8647F";"Heeft de deelnemer op dit moment last van smaakverlies?"
"F68CE160-0F4D-4A28-8E8B-07B785D1A97A";"OUD VELD, NIET INVULLEN - GGD priv-ID: V"
"F691EC27-EF08-4B8E-950B-C8E0D35212E9";"Op welke datum is het reukverlies begonnen?"
"F6A2DBA9-7156-4B3F-82CE-CE24DCA773E9";"Op welke datum is het flauwvallen begonnen?"
"F6A568B5-0C42-4CB3-9E58-8B93890C4392";"Aantal dagen smaakverlies gehad"
"F6A57C2C-6C56-43C7-81B7-F43152A77BD0";"Heeft de deelnemer op dit moment verwardheid of verminderd bewustzijn?"
"F6BBA6C5-1BB4-46EF-9106-242D769C576D";"Been constantly on guard, watchful, or easily startled?"
"F6BD7FEF-6BF1-46E2-945F-A4D8D4E7941E";"Om een culturele activiteit te ondernemen (bijvoorbeeld bioscoop, theater, museum, concert)"
"F6C7EB83-BAF3-4029-9D83-10B53997A4D4";"Has this person experienced COVID-19 symptoms?"
"F6DC2E54-43CC-473B-80E2-14C0CFD5C4DA";"Heeft de deelnemer last gekregen van een loopneus of een verstopte neus na het vorige bezoek?"
"F6E75E38-A83E-43C3-B12E-103496FC45A8";"Hartslag"
"F6EBC1CF-0373-43B0-AEC3-1B74B8C8B5E6";"The next question concerns how many times you have left the house for each of the above reasons. If you do not know the exact numer, try to estimate. In the last 7 days (1 week), how many times have you left the house:"
"F6FBBCAC-077E-4323-AE43-C3548622C8F9";"Deze vragenlijst gaat over uw gezondheid in de afgelopen 3 maanden. De vragenlijst bestaat uit een aantal onderdelen."
"F70818F9-E841-452F-A691-A6DB2B743EA6";"Rash at day 7 or new or recurrent rash"
"F70A4AEA-5002-4563-89CF-7CC56E7E6296";"De volgende 8 vragen gaan over hoe u tegen uw ziekte door het coronavirus aankijkt. Geef alstublieft bij elke van de onderstaande 8 vragen het getal (tussen  0 en 10) aan dat uw mening het beste weergeeft. U kunt dit aangeven door het balkje te verschuiven van links naar rechts."
"F73944A8-2922-41E7-A5F9-E7C5B4782A9F";"Hoeveel heeft u per keer genomen? *Kijk op de verpakking* bijvoorbeeld 100mg."
"F759933E-3673-4B6A-9A34-324049C2C05F";"Uw werk doen zonder onderbrekingen of pauzes"
"F763F12C-4B34-47F3-9B5E-AD7F58BEC1DF";"Hoe vaak bent u in de afgelopen 3 maanden op de spoedeisende eerste hulp van een ziekenhuis geweest? *Een andere naam voor spoedeisende eerste hulp is EHBO.*"
"F76A1463-A400-4CCD-B1B7-A3A0D3BEFC88";"Op welke datum heeft de deelnemer voor het laatst een loopneus of een verstopte neus ervaren?"
"F7787F21-87B5-4DB5-B360-29C4B2A01D5C";"*Accomplished less* than you would like"
"F78CA915-0B64-4686-BED9-ADAC3913A47F";"Heeft de deelnemer sinds start van de COVID-19 klachten een van de volgende medicamenten of behandelingen gehad?"
"F797DE15-C79C-47EB-B1F4-8C29B600DA6B";"Heeft de deelnemer op dit moment last van oorpijn?"
"F7A21994-2645-4C65-B719-06B38E9E2547";"Aantal dagen keelpijn gehad"
"F7A69AA6-28DE-47A9-97B6-434C27EB2C2B";"Hoeveel invloed heeft uw ziekte door het coronavirus op uw leven?"
"F7B0B414-E16F-48AD-9725-67BC1C5C0755";"Fibrotische restafwijking zichtbaar?"
"F7B2008B-813F-4F6D-BDC2-6F3015301FBF";"New or recurrent ear pain"
"F7BA0F3E-9847-4BB9-90D9-A5A30FE6AFD6";"Een loopneus of een verstopte neus"
"F7BA2BDB-655F-4113-8C34-D3A3238068EB";"Ik ben gauw moe"
"F7BB8FE9-87F6-4EB3-9D1E-8E16D775A515";"Welk ziekenhuis:"
"F7C014E9-9B04-46B7-9F73-631BD5ED2E66";"Heeft de deelnemer last gekregen van verminderde eetlust na het vorige bezoek?"
"F7CDF0C6-4F23-46BF-9FD9-6CCB411CC45E";"Indien een deelnemer geïncludeerd is door de GGD verschijnen hier geen vragen."
"F7F9A4FD-DFC6-4920-914C-6198BDE2878B";"You experienced a serious problem with good friend, family member or neighbour"
"F7FEF287-E09C-4EB3-AFCB-BAEFAA40C6E4";"Uitslag?"
"F8119098-1EC2-45C1-8DBA-3ACF784AC82B";"Een loopneus of een verstopte neus"
"F81490DF-5449-440D-9B58-144BFE9AC3DA";"Aantal dagen dat faeces buiten -80 vriezer is geweest"
"F818011A-79F5-467D-97FB-4B156A284D88";"Person 1"
"F81D768B-96C4-4FD3-A1FA-50E0D06C1759";"Which phrase about your shortness of breath is most applicable to you?"
"F824733D-7856-40B0-806D-C6915417DEEA";"Heeft u in de periode van de vaccinatie tot 2 dagen erna één van de volgende bijwerkingen gehad?"
"F8300ACF-7C07-4F2F-BBC9-38D6A9AC7659";"% change"
"F840540C-3849-4D20-A562-C9C454001949";"Welke"
"F844407F-7273-4223-98FA-42C527B6B234";"Welke mate van vermoeidheid of algehele malaise heeft de deelnemer maximaal ervaren?"
"F87E8529-D89C-4A42-BF87-8C62EA8CFA36";"Aantal dagen vermoeidheid of algehele malaise gehad"
"F88DEB30-EB30-4F7E-B530-7CB94BF01AAC";"Uitslag?"
"F89DEE37-2CC8-46E4-A5B6-84D48C87F2F2";"Welke mate van hoofdpijn  heeft  de deelnemer maximaal ervaren?"
"F89E4C12-96C8-4260-B404-1811BA6C5244";"Tiffeneau index (FEV1/VCmax) post-Ventolin"
"F8A04DC4-C547-4D28-974D-F669EC8D9695";"Hoeveel keer moest u  gedurende de afgelopen 3 maanden voor deze dagbehandeling naar het ziekenhuis?"
"F8A3664E-2966-4BAD-B349-0DE9B79AF1DA";"Aantal dagen oorpijn gehad"
"F8B4D102-305F-4173-84A2-DA980DE9A10A";"Heeft de deelnemer last (gehad) van reukverlies sinds de start van de covid-klachten?"
"F8BD1D0C-5FAF-4E2D-811B-17B750141B71";"Welke mate van spierpijn ervaart de deelnemer?"
"F901B0AD-9462-4833-9434-E2E66E7E3F36";"Insult"
"F9051F08-AE40-4534-9BED-246CFC40C6DB";"Namelijk:"
"F910FFCF-398D-4218-9098-BB58897DC096";"How many times did you have to go to the hospital for this treatment in the past 3 months?"
"F9169BAE-FFFE-4E29-B672-CAA3CD67089E";"Heeft de deelnemer last gekregen van pijn op de borst na het vorige bezoek?"
"F91EC1E2-9359-471E-9D62-100840EF381E";"Welke mate van spierpijn  heeft  de deelnemer maximaal ervaren?"
"F91FA7B8-14FA-4D51-8B54-49827AC1E51D";"Wat is het geslacht van deze persoon?"
"F9227EC4-6692-4C29-88C7-A419A04B0E85";"Sinds het begin van het flauwvallen, welke mate van flauwvallen heeft de deelnemer maximaal ervaren?"
"F926C7E8-91EA-4775-93DA-A4AC005B97D9";"Nasal-pharyngeale swab"
"F95602DC-38BB-443C-AB1E-F9A1C3269CE7";"U te veel zorgen maken om verschillende dingen"
"F971641A-28A7-4A9D-9D07-CD7F765F5800";"Op welke datum heeft de deelnemer voor het laatst last van keelpijn ervaren?"
"F98EF144-6F3E-4936-A63C-E7BF57B00C49";"Datum opslag faeces in -80 vriezer"
"F9913FDA-7ABC-4996-9A92-05BBB6E86FB9";"Sinds het begin van de reukverlies, welke mate van reukverlies heeft de deelnemer maximaal ervaren?"
"F9913FF2-02A8-4F8E-8DFA-610D857DCD5A";"Heeft de deelnemer last (gehad) van flauwvallen sinds de start van de covid-klachten?"
"F997D279-30D1-494E-B6B1-B083847E03C5";"PCR-test naso-pharyngeale swab: Ct-waarde"
"F9AB3BAA-9A27-4269-AD70-31DCCCDE4E17";"Serum (STOL)"
"F9BE85CD-A16B-46FD-A6A8-1294A6FC5556";"100% on sickleave since"
"F9FAA449-BD3A-4A2F-A0D6-0D4D89ED5A3C";"Welk ziekenhuis?"
"FA0948E9-5094-446C-A6D2-0EAE2595A0AD";"Omreken O2 in liters naar FiO2 - let op, in onderstaande tabel is de FiO2 weergegeven in een percentage, zet dit zelf om in een fractie (getal tussen 0 en 1)."
"FA0E10B6-BC2B-46C0-8669-72CD4E88B19A";"Kortademigheid"
"FA2AA2FA-E728-423A-BA13-D9986935E2AD";"Krijgt de deelnemer zuurstof toegediend?"
"FA36A7E8-76E8-43E5-86FD-B032C0B6C80E";"New or recurrent ear pain"
"FA399812-E9D8-451D-9697-1B4CD6B8306A";"Aantal dagen loopneus/verstopte neus gehad"
"FA413509-A993-4684-B01E-1C7A71B10656";"Aantal dagen verminderde smaak gehad"
"FA44F97C-469C-44CF-B868-731B71704BFA";"New or recurrent chest pain"
"FA6D69E7-579F-4A36-AB12-A53E21D1392B";"FVCmax % van voorspeld post-Ventolin"
"FA74789D-DC66-4A6F-A589-AA6CBA46979D";"Op welke datum is de of verminderd bewustzijn begonnen?"
"FA99AD56-E73B-41AE-8ECA-F4A689A38A82";"Aantal dagen hoestklachten gehad"
"FAB05A67-7A71-49C2-9B85-3DDDFFDABB04";"New or recurrent rash"
"FAB20819-0CF1-45C3-A947-0A4CAF02C5D5";"Chronische longziekte: vink aan wat van toepassing is"
"FAD8E80C-ED09-4D3E-AB8B-DB599026FB88";"New or recurrent loss of taste"
"FAFC301F-AD7F-494B-9253-B0F43462D68F";"In hoeverre heeft u het gevoel dat u uw ziekte door het coronavirus begrijpt?"
"FAFDE8DE-614F-4515-9796-110BB9F3C703";"Hartslag"
"FB0D6A53-A093-459E-A3B0-E90980760F0C";"How many appointments did you have with an occupational therapist *in the past 3 months*?"
"FB3EBED4-0A8C-4AE9-B9B5-1E0590A0191F";"Duur nieuwe IC-opname"
"FB401DE3-E691-4C53-B071-6E2AB8BF3E61";"Moeite hebben om positieve gevoelens te ervaren (bijvoorbeeld: niet in staat zijn om u gelukkig te voelen of om gevoelens van liefde te hebben voor de mensen die u nabij zijn)?"
"FB4577C8-8C23-4042-9061-875943927A9B";"Verminderde eetlust"
"FB4A6C0D-1568-483F-87CC-F22AA0CD38AA";"Tussen de 16 en 85 jaar oud"
"FB4BA245-6D84-4273-ABA7-DF50EABD982F";"Non-invasieve beademing sinds laatste uitgebreide studie bezoek?"
"FB50D9EE-85A2-4504-A254-011D94F49FFD";"Dit is het einde van de vragenlijst. Dank voor het invullen!"
"FB7842B2-56F5-49CF-83EA-F33644AD5687";"Do you find you forget people’s names?"
"FB7B9537-D0BE-4089-A50E-D4DFE4532A3E";"I usually come through difficult times with little trouble."
"FB931590-4237-4FC7-8A96-4413C8930A8D";"Hoe somber voelt de deelnemer zich op dit moment op een schaal van 0 tot 10?"
"FBA48EE7-E37A-4A9B-AC2D-CE2D3EADEDF9";"Hoeveel heparinebuizen zijn er succesvol afgenomen?"
"FBA65D83-B523-48BA-B67D-5BA278D4B122";"Datum opslag faeces in -80 vriezer"
"FBA92971-9657-48F2-8022-22AD30DFE84D";"Moeten er brushes afgenomen worden bij deze deelnemer?"
"FBF01825-E426-4AF9-A3F9-327EE28F619D";"Op welke datum is het flauwvallen begonnen?"
"FC0EC82F-0F59-4B81-BB35-7149AB4D882B";"Moet u door uw werk, of omdat u voor iemand zorgt regelmatig dichter dan 1,5 meter komen?"
"FC12C09D-8043-4856-835F-7DAD2C7DC8D6";"Trouble relaxing"
"FC150D63-EE42-4AF7-89A5-AF8EA340C72A";"Hoevaak is de deelnemer flauwgevallen sinds het begin van de covid-klachten?"
"FC17BDC2-C46F-4E64-8BD4-8C9DDD477739";"Op welke datum is de verminderde  eetlust begonnen?"
"FC2C73FC-11C2-4E57-B2BF-079F69AF6728";"Heeft de deelnemer last gekregen van kortademigheid of benauwdheid na het vorige bezoek?"
"FC38F61D-8A11-4F48-8373-13769EEB54C1";"Heeft de deelnemer in het verleden een bevestigde SARS diagnose (geen SARS-CoV-2) gekregen?"
"FC63A7F3-A6F8-4E37-BC1E-9800FDA4513F";"Anders, namelijk:"
"FC6460F8-2ABB-42C9-B180-3850AA36C45A";"% of predicted"
"FC657CBC-9537-4AEC-AE21-7CECC94B707B";"Ik zit vol plannen"
"FC7EF817-A175-4514-B5C8-6A882514D82F";"Welk vaccin heeft u ontvangen?"
"FC89A20D-73BA-4521-B58B-FE7ACF00C669";"Heeft de deelnemer last (gehad) van misselijkheid of braken sinds de start van de covid-klachten?"
"FC8F0B38-C9E6-4830-BA97-7F9061E82631";"TIA / CVA"
"FC8F69BB-75B7-4FFE-B950-90D13750497A";"How often have you been with these doctors in the past 3 months?"
"FC94C7A3-DBC6-4EA5-BBC7-A9012B8AF83C";"New or recurrent ear pain since last visit and no ear pain now"
"FCA52B9F-F979-4898-8194-1C4BD935EBE8";"Heeft de deelnemer last (gehad) van een insult sinds de start van de covid-klachten?"
"FCAFB7A2-4EA2-4028-9F30-6EECFED176D8";"CT thorax uitgevoerd?"
"FCB271DD-2A1B-4D13-996B-B6B6FC5E263B";"Lichamelijke activiteit verergert mijn klachten."
"FCB63EC2-06BE-4718-958E-6C65B621639E";"Hoe heeft de deelnemer de temperatuur gemeten"
"FCBDA21E-C39E-46CE-8F3B-B470DC085B0F";"Ik voel me moe"
"FCD03FB5-B396-4653-9320-8C0BFACF38E9";"Heeft de deelnemer op dit moment last van piepen tijdens de ademhaling?"
"FCD1D074-E3E9-4896-88FD-1E96C732B6B1";"Zuurtsoftherapie"
"FCE90704-7951-4931-A400-BF4E368069FD";"Diarree"
"FCF90B6C-C381-4278-99F4-E79EFBB254B6";"Sinds het begin van de keelpijn, welke mate van keelpijn heeft de deelnemer maximaal ervaren?"
"FD052E4A-36ED-487C-B0D1-3E3BB8E6A11F";"Namelijk:"
"FD0BC7A2-18EC-4014-9C05-90753C0A6161";"Sinds het vorige bezoek en nu, welke mate van huiduitslag heeft de deelnemer maximaal ervaren?"
"FD2A8A57-D2BE-4A24-9936-78D3F09310A8";"Wanneer heeft de deelnemer last van piepen tijdens de ademhaling?"
"FD37CCC5-119E-4CC9-BE67-370053667CDA";"Felt numb or detached from people, activities, or your surroundings?"
"FD411F13-E1B8-466C-806A-5826124B548B";"Medicatie"
"FD50AEFA-3ADC-481E-BA80-1861FAAE7A50";"What is the name of medicine 2?"
"FD78305F-25A6-4B08-8097-D160BB4F97CF";"Op welke datum heeft de deelnemer voor het laatst huiduitslag ervaren?"
"FD86B00C-260F-4685-8432-EF82A2E239DA";"Anders, namelijk"
"FD8ADA84-8E9A-489F-BDA0-2502165071B4";"show the rest of the questions?"
"FD991230-2C08-478F-BDAE-785C8095A8D4";"Anders:"
"FD9CCE3C-4257-4B5B-A5C7-FE210A14CF5D";"Overige complicaties"
"FDA17701-8A54-4844-9C39-FB6E80C538E2";"How many times did you take this per day? *Look at the packaging*"
"FDA7605D-91A1-4D70-B11B-A2C20DC7F2B4";"Serum (STOL)"
"FDAB3003-B320-475B-B7D8-0DAB022DDFA9";"Namelijk:"
"FDB33AFD-F67A-4053-ADB6-0B1B4018EAB9";"Beoordeling van longfunctie"
"FDC45C5B-7AA9-403F-BB33-A86C6D9EF133";"Hoesten"
"FDCE8B03-5073-4E91-A037-66BCFB6DB641";"Datum van bezoek en afname samples"
"FDD1A4E1-D4A2-491B-8E95-324DBB976B6E";"How do you know this was a COVID-19 confirmed patient?"
"FDD5AA8C-3CDA-4B05-8095-310FBA4DCE92";"Heeft deze persoon COVID-19 symptomen gehad?"
"FDDC256B-8256-4AD3-9326-41B60A8601C5";"Datum van bezoek en afname samples"
"FDE1AA65-57D3-4C4D-A5DD-93BC958714C5";"Welke mate van keelpijn ervaart  heeft  de deelnemer maximaal ervaren?"
"FDEC70FA-1ED7-455D-97BD-91438793BC60";"De volgende vier uitspraken gaan over hoe u zich de laatste twee weken heeft gevoeld.  U kunt elke vraag beantwoorden door het blokje met de muis van links naar rechts te verplaatsen. De plaats van het blokje geeft aan in welke mate u vindt dat de uitspraak op u van toepassing is."
"FDED5716-C379-4045-BEE2-CD0A8AE5315A";"Op welke datum is het flauwvallen begonnen?"
"FDF27135-5D9C-43F1-B89D-47C59B0E8A25";"Which aspect of the situation around the coronavirus has been the most  disruptive for you?"
"FDF34C4F-A2BF-47BE-8FE7-6D90FB1AC145";"Zo rusteloos zijn dat het moeilijk is om stil te zitten"
"FDF91F7A-5039-406E-9EF6-09EB1A840459";"VCmax pre-Ventolin"
"FDFDB749-B92F-4137-B74E-00FB0E8015D0";"Welke mate van keelpijn ervaart de deelnemer?"
"FE099B8A-BC4F-4108-9F56-5A12661D4027";"Fever"
"FE115361-A90A-4D55-BB83-1726127E5FE3";"Naam medicatie"
"FE478C35-9E31-4F86-90F7-526591B9C9AB";"Naam medicatie?"
"FE4C5A53-6510-42B5-8A83-CFB28EA60672";"New or recurrent diarrhea since last visit and no diarrhea now"
"FE792284-2246-48CD-BC86-CC2CB7333CC2";"Misselijkheid en/of braken"
"FE82474E-D95A-40E4-AD8A-0F7263B6CFA9";"Welke mate van diarree heeft de deelnemer maximaal ervaren?"
"FE8C832E-4115-4F37-B32E-C07F5BC0FD6C";"Koorts"
"FE8FA439-474B-4CAF-9324-38ACEF6A0563";"Aantal dagen kortademigheid of benauwdheid gehad"
"FE90D1DB-A31A-4753-82AC-0B28DA7C0A78";"Opeens het gevoel hebben of u gedragen alsof de stressvolle gebeurtenis daadwerkelijk opnieuw plaatsvindt (alsof u terug bent in de tijd dat de gebeurtenis zich afspeelde, en het opnieuw beleeft)?"
"FE9610F0-A8F1-418D-AC06-6419F0E9C0A0";"Op welke datum zijn de spontane bloedingen begonnen?"
"FEA427B5-B550-40A1-A362-1F3902699465";"Sore throat at baseline, sore throat at day 7, no sore throat now"
"FEAF0F08-1392-4430-A6A5-AC1EF8D123D5";"Has this person been diagnosed with COVID-19?"
"FEB9A440-1758-4C65-8445-821323C0EBF2";"Faeces bewaard in?"
"FEC5A219-CF3F-4AE5-A20E-98FD9784A90A";"Sinds het begin van de spontane bloedingen, welke mate van spontane bloedingen heeft de deelnemer maximaal ervaren?"
"FECA9BD6-FC97-40BD-AA4C-B019BE8D7693";"Datum van eerste ziekenhuisopname"
"FECE1FC3-454D-49EF-BEBE-B96381EF8C53";"Sociale contacten"
"FEF18BCF-2A5F-4FA7-8773-F48ACE15B660";"Heeft de deelnemer op dit moment last van buikpijn?"
"FF1B5D62-1B83-4086-B280-F46D86DB98F8";"Heeft de deelnemer op dit moment last van oorpijn?"
"FF215C5F-2F75-4F7A-ADB8-4C2AD2456098";"Sinds het vorige bezoek en nu, welke mate van koorts heeft de deelnemer maximaal ervaren?"
"FF228E0D-7F58-40DC-8DE6-87EB8060CC6D";"Nieuwe hartritmestoornis"
"FF243AD3-47E9-4887-BD41-666F6F284AC2";"Heeft de deelnemer op dit moment last van smaakverlies?"
"FF2585E9-4465-4443-8C1F-2355DDDBDFE7";"Nieuwe hartritmestoornis"
"FF287674-BA2C-42FC-B4D1-547BCB55BA72";"Aantal dagen huiduitslag gehad"
"FF29C1A9-DA28-4474-AA57-54540FB09730";"Spieren en gewrichten"
"FF481FD9-F655-4E7F-B3D1-199CB7B6FD74";"Speeksel (minimaal 3 mL)"
"FF4FF01E-0632-4ABE-950D-C66E8E2048F9";"Waarom heeft de deelnemer besloten om te stoppen met de studie?"
"FF56AA8F-A9D0-4862-A530-1BC503DE536C";"% change"
"FF5DE451-2A59-4873-9AC7-E65AD5DACAE7";"PCR-test oro-pharyngeale swab: Ct-waarde"
"FF97A788-100D-4B5D-809D-A7ED86BF383D";"I think that it hasn’t been too bad compared to other things."
"FF9A3240-B681-4B39-B1D4-FC6DC644B3C3";"Pneumothorax"
"FFC9C799-F209-4175-80EC-7B5324F6257E";"Geef a.u.b. aan van welke andere  zorg u de afgelopen 3 maanden gebruik heeft gemaakt."
"FFDD3631-9958-4BF8-A704-540C10D283C3";"Ik bedenk me dat er ergere dingen in het leven zijn."
"FFEDEBAD-B164-4857-9616-6801517404F4";"Confusion at baseline, no confusion now"
"FFEE403A-A0CF-415A-9A0C-2659FB323F84";"Namelijk:"
"FFF56A35-E8D6-4366-8322-1C03867D199E";"Heeft de deelnemer de temperatuur gemeten?"
"FFF6922F-2AF4-49E5-A322-895BDA9F9CAD";"Naam van persoon die het monster afneemt"
"FFFFC682-CB85-49A1-B587-C921A2CB9B39";"I think that I have to accept the situation."
